emp_id,name,age,department
E001,Employee_1,51,IT
E002,Employee_2,59,Finance
E003,Employee_3,33,IT
E004,Employee_4,40,Marketing
E005,Employee_5,27,IT
E006,Employee_6,36,IT
E007,Employee_7,42,Finance
E008,Employee_8,54,HR
E009,Employee_9,24,IT
E010,Employee_10,29,Finance
E011,Employee_11,55,Finance
E012,Employee_12,24,HR
E013,Employee_13,26,IT
E014,Employee_14,52,IT
E015,Employee_15,42,Finance
E016,Employee_16,47,HR
E017,Employee_17,45,IT
E018,Employee_18,56,HR
E019,Employee_19,41,Finance
E020,Employee_20,47,IT
E021,Employee_21,57,IT
E022,Employee_22,50,Finance
E023,Employee_23,22,HR
E024,Employee_24,36,Marketing
E025,Employee_25,56,Marketing
E026,Employee_26,26,Finance
E027,Employee_27,38,Marketing
E028,Employee_28,46,Marketing
E029,Employee_29,32,Finance
E030,Employee_30,42,HR
E031,Employee_31,52,IT
E032,Employee_32,43,HR
E033,Employee_33,41,Finance
E034,Employee_34,57,Finance
E035,Employee_35,52,HR
E036,Employee_36,45,IT
E037,Employee_37,32,HR
E038,Employee_38,40,Marketing
E039,Employee_39,26,IT
E040,Employee_40,33,Finance
E041,Employee_41,45,Finance
E042,Employee_42,43,Finance
E043,Employee_43,23,Marketing
E044,Employee_44,52,Finance
E045,Employee_45,27,IT
E046,Employee_46,29,IT
E047,Employee_47,43,IT
E048,Employee_48,22,Marketing
E049,Employee_49,37,HR
E050,Employee_50,39,Marketing
E051,Employee_51,23,IT
E052,Employee_52,56,Marketing
E053,Employee_53,44,Marketing
E054,Employee_54,57,Finance
E055,Employee_55,30,HR
E056,Employee_56,51,Marketing
E057,Employee_57,48,Finance
E058,Employee_58,57,HR
E059,Employee_59,54,HR
E060,Employee_60,43,IT
E061,Employee_61,26,Finance
E062,Employee_62,22,Finance
E063,Employee_63,35,Marketing
E064,Employee_64,44,Finance
E065,Employee_65,27,HR
E066,Employee_66,30,IT
E067,Employee_67,48,Marketing
E068,Employee_68,45,IT
E069,Employee_69,45,IT
E070,Employee_70,22,IT
E071,Employee_71,46,HR
E072,Employee_72,28,HR
E073,Employee_73,32,IT
E074,Employee_74,33,HR
E075,Employee_75,41,Finance
E076,Employee_76,37,IT
E077,Employee_77,31,Marketing
E078,Employee_78,40,Finance
E079,Employee_79,44,Finance
E080,Employee_80,52,Finance
E081,Employee_81,49,HR
E082,Employee_82,49,Finance
E083,Employee_83,31,Finance
E084,Employee_84,45,Marketing
E085,Employee_85,51,Finance
E086,Employee_86,44,HR
E087,Employee_87,49,HR
E088,Employee_88,24,IT
E089,Employee_89,46,HR
E090,Employee_90,25,IT
E091,Employee_91,52,Marketing
E092,Employee_92,29,IT
E093,Employee_93,46,Finance
E094,Employee_94,23,Marketing
E095,Employee_95,25,Marketing
E096,Employee_96,40,HR
E097,Employee_97,39,IT
E098,Employee_98,30,IT
E099,Employee_99,23,Finance
E100,Employee_100,31,Finance
E101,Employee_101,26,Finance
E102,Employee_102,35,Finance
E103,Employee_103,45,IT
E104,Employee_104,24,Finance
E105,Employee_105,52,Marketing
E106,Employee_106,60,Finance
E107,Employee_107,46,IT
E108,Employee_108,30,Marketing
E109,Employee_109,29,Marketing
E110,Employee_110,54,Marketing
E111,Employee_111,37,IT
E112,Employee_112,35,IT
E113,Employee_113,60,Marketing
E114,Employee_114,52,HR
E115,Employee_115,50,HR
E116,Employee_116,45,IT
E117,Employee_117,31,Marketing
E118,Employee_118,60,HR
E119,Employee_119,22,Finance
E120,Employee_120,43,IT
E121,Employee_121,33,Marketing
E122,Employee_122,51,Marketing
E123,Employee_123,23,Marketing
E124,Employee_124,48,IT
E125,Employee_125,45,HR
E126,Employee_126,47,IT
E127,Employee_127,60,Marketing
E128,Employee_128,52,IT
E129,Employee_129,60,Marketing
E130,Employee_130,31,HR
E131,Employee_131,53,HR
E132,Employee_132,27,Marketing
E133,Employee_133,37,IT
E134,Employee_134,53,Finance
E135,Employee_135,28,HR
E136,Employee_136,49,HR
E137,Employee_137,38,Finance
E138,Employee_138,44,HR
E139,Employee_139,41,Finance
E140,Employee_140,53,HR
E141,Employee_141,50,IT
E142,Employee_142,23,HR
E143,Employee_143,24,IT
E144,Employee_144,49,HR
E145,Employee_145,47,Marketing
E146,Employee_146,27,Finance
E147,Employee_147,42,HR
E148,Employee_148,32,Finance
E149,Employee_149,30,IT
E150,Employee_150,46,HR
E151,Employee_151,41,Finance
E152,Employee_152,60,HR
E153,Employee_153,25,HR
E154,Employee_154,50,Finance
E155,Employee_155,33,Marketing
E156,Employee_156,32,Finance
E157,Employee_157,27,Finance
E158,Employee_158,40,Finance
E159,Employee_159,54,HR
E160,Employee_160,45,HR
E161,Employee_161,28,HR
E162,Employee_162,24,Finance
E163,Employee_163,53,HR
E164,Employee_164,56,HR
E165,Employee_165,59,Finance
E166,Employee_166,55,HR
E167,Employee_167,34,IT
E168,Employee_168,23,HR
E169,Employee_169,60,Finance
E170,Employee_170,51,IT
E171,Employee_171,39,Finance
E172,Employee_172,27,Marketing
E173,Employee_173,43,IT
E174,Employee_174,50,HR
E175,Employee_175,30,Marketing
E176,Employee_176,52,IT
E177,Employee_177,50,Marketing
E178,Employee_178,46,IT
E179,Employee_179,34,Finance
E180,Employee_180,28,Finance
E181,Employee_181,38,Finance
E182,Employee_182,47,Marketing
E183,Employee_183,51,HR
E184,Employee_184,24,IT
E185,Employee_185,26,Finance
E186,Employee_186,28,Marketing
E187,Employee_187,29,Finance
E188,Employee_188,24,Finance
E189,Employee_189,45,IT
E190,Employee_190,46,Finance
E191,Employee_191,33,Finance
E192,Employee_192,24,HR
E193,Employee_193,35,Finance
E194,Employee_194,34,Marketing
E195,Employee_195,41,HR
E196,Employee_196,54,IT
E197,Employee_197,26,IT
E198,Employee_198,52,Finance
E199,Employee_199,30,Finance
E200,Employee_200,32,Finance
